1,Kaia,Rau,rolando.murphy@example.net,1997-02-05,2003-08-01 19:16:30
2,Zetta,Brekke,esteban.dibbert@example.com,1989-10-21,1984-04-25 17:43:25
3,Brenden,Torphy,yheaney@example.net,1972-02-05,1979-12-15 09:27:07
4,Brennon,Will,gbernhard@example.org,2009-11-03,2008-02-19 00:27:26
5,Marilou,Kemmer,christophe55@example.com,2022-10-25,2021-03-25 03:51:20
6,Lacy,Sipes,garrison.crist@example.org,2004-03-21,1980-01-17 13:45:36
7,Willow,Bosco,eichmann.josie@example.org,2015-04-07,1996-06-23 15:20:45
8,Sam,Mosciski,laverna33@example.org,2012-01-12,2019-06-11 09:46:03
9,Marco,Friesen,mckenzie.kallie@example.com,1995-04-08,1973-09-04 22:47:58
10,Delpha,Crist,esta.greenfelder@example.org,1978-01-21,1984-02-11 19:17:10
11,Fer,Nan,test@example.net,1997-02-05,2003-08-01 19:16:30
