1,1,Quasi aperiam odio et quas iusto perferendis ut.,Earum qui vel dolorum dolorum tempore consequuntur. Et eum fugit sint fugiat soluta ut. Et animi consequatur ex enim et quia ducimus ab.,Ipsum labore maiores fugiat a voluptatum qui. Et fugiat et ut accusantium. Quibusdam laudantium ut molestiae. Iste occaecati aut doloribus illo quo dolorum rerum.,2017-07-04
2,2,Error dolor nisi rerum animi tempora sit enim.,Laudantium et consequatur sed voluptas possimus voluptatem. Praesentium sequi minus perspiciatis eaque in modi maiores. Deleniti eum nihil officiis dolor voluptates est et.,Exercitationem molestiae similique repudiandae placeat facere qui. Temporibus qui eum aliquam velit qui. Saepe est vel recusandae quae iure. Nostrum quia sit necessitatibus.,2009-07-13
3,3,Qui doloribus vel ullam quia.,Non accusamus dignissimos voluptates facilis quae. Est rerum aut autem est ut et. Enim laborum ipsam temporibus et quibusdam nam et. Reprehenderit a voluptatem esse libero.,Totam fugit nisi nihil et dolor impedit. Qui dolor esse voluptatem consequatur impedit. Dicta aliquid quis sint expedita. Numquam quaerat sint doloremque veritatis modi.,1989-07-26
4,4,Consectetur non ipsum facilis iure tempore illo.,Iste est amet sequi ullam. Repudiandae enim quia numquam nisi. Perferendis voluptas vitae quaerat nulla mollitia. Natus tempora non ad nisi beatae dolorum.,Ad fugiat cum occaecati ea eum repellat. Maxime ut quis error ipsum ea sunt magnam. Eum saepe sequi maiores voluptas impedit iure nesciunt. Sed autem numquam accusantium molestiae quam ut non.,2020-06-05
5,5,Est reprehenderit dolor sit voluptas eum.,Ad id ducimus nobis natus ea quas autem nemo. Quia saepe eos ad quae maiores. Ipsam qui eveniet fuga ullam esse dignissimos. Sit ipsum reiciendis eum reiciendis culpa velit.,Sit repudiandae error perspiciatis reiciendis. Commodi exercitationem deleniti quaerat magni sequi. Ut in aut nemo est dolor. Explicabo voluptatem libero occaecati nemo rerum.,1988-10-08
6,6,Dolores rerum qui qui voluptatem ab nam sint.,Iure repellat in suscipit aperiam laborum eos veritatis alias. Velit enim perspiciatis quis sunt vel est. Enim aut ipsam est nisi iusto. At voluptas aspernatur eum omnis consequatur cupiditate aspernatur quia.,Distinctio doloribus et atque quos qui soluta eum. Quo qui accusantium repellat. Excepturi qui sapiente rem officia. Nulla excepturi aperiam porro quis unde.,2003-02-23
7,7,Nam inventore quidem provident aperiam.,Commodi et voluptate voluptatem omnis tempora. Quibusdam ab commodi vitae. Placeat eos dolorem qui suscipit voluptas tenetur.,Ducimus aut possimus repellendus aut. Qui non ullam dolorem nostrum occaecati nesciunt impedit accusantium. Aliquid in et et ut odit fugiat. Id repudiandae quos temporibus consequuntur et modi et.,1984-01-16
8,8,Voluptas rem non omnis est quibusdam vero.,Qui dolores consequatur animi fuga. Expedita earum quia quibusdam corrupti rerum cupiditate est. Nisi sapiente autem fugit et. Quo doloremque hic consectetur dicta.,Est culpa consequatur dolor. Possimus consequatur velit magnam error laboriosam autem et.,2005-04-24
9,9,Occaecati delectus nam libero itaque commodi sit quam et.,Unde officia sed repellendus non facere. Officiis nostrum et et aliquam voluptatem. Sapiente ut pariatur reiciendis culpa.,Aliquid minima blanditiis veritatis dolores. At mollitia ea ab rerum et quasi quia. Nihil omnis rem eveniet quia dolore.,1995-11-22
10,10,Omnis modi possimus at omnis.,Est dolor libero ipsa itaque nesciunt. In accusantium nesciunt repudiandae aut ut. Veniam quia quos aut fugiat exercitationem ducimus. Doloremque rem quos fugiat corporis qui.,Iusto ad hic commodi omnis est. Quis facere alias eius. Numquam aut et asperiores voluptas.,1977-08-09
